,A,B,C,D
2000-01-01,0.2099694326533711,-2.4902873462428974,2.8055397934215995,-0.7811369010537559
2000-01-02,-0.2888238836739211,-1.4435627388594374,3.661165818904475,-1.057085564262105
2000-01-03,-1.4265622454029003,-2.054280022348887,2.1993832770237556,-1.0181103499021258
2000-01-04,-1.0441450662580807,-1.9927206531574908,2.4268523055543763,-1.657313272719814
2000-01-05,0.7192705006190618,-4.155353067146461,2.821110081056421,-2.0360721282107472
2000-01-06,1.537287825589639,-3.9095907264387635,4.751375777331833,-2.4886066259667867
2000-01-07,0.5643302140161436,-2.6921370510020672,5.4767511424608895,-3.485311725179999
2000-01-08,0.35961593782613255,-2.301464907029658,6.673736213726524,-3.162353541546611
2000-01-09,0.7889867447017413,-1.4480138263068727,4.558151878825222,-4.0479369266718965
2000-01-10,-0.606835780098024,-2.738364320646284,4.309858535177524,-2.7629253470832733
2000-01-11,-0.532498152747687,-2.987852425705665,5.486465777423094,-2.207789294179272
2000-01-12,-0.0983767696502092,-2.6896103928448545,4.087287572474727,-2.6573096148527866
2000-01-13,1.7053497332718401,-2.6026017970555686,3.9578246813010955,-2.3202230425167203
2000-01-14,0.5148063385697499,-0.9233515719705054,3.683789239995433,-2.166194952733601
2000-01-15,-1.0032770694530646,-1.7851150237082167,3.46100964350751,-2.9746741580047735
2000-01-16,-0.28028925710775965,-2.0491223567330152,4.238597094497251,-3.8174220332004674
2000-01-17,-0.003525504170614646,-2.0786276120085185,4.7264028204961885,-2.803278786152733
2000-01-18,-0.9542683016529536,-1.4039282091126342,5.373181427037902,-2.2503736624986725
2000-01-19,-0.549091424154236,-1.472434434034576,6.010785347337221,-3.0877089932140205
2000-01-20,-1.098625292808931,-1.403337639460593,4.021679642163864,-3.2677485247452815
2000-01-21,-1.2433566791642066,-0.9218746289428111,3.9040122304143425,-1.9171179526382063
2000-01-22,-1.0012468364253386,-1.5642796416030955,3.421232078485539,-3.1894330069625365
2000-01-23,0.014955794979998327,-1.9649469685092227,2.349546462348764,-4.832997938983806
2000-01-24,1.0641448867465249,-3.2659969093336167,1.3609529475137583,-6.646669798086656
2000-01-25,2.2415685455792334,-3.8370600650736515,0.0350686194424259,-7.261260858549462
2000-01-26,1.887398651985086,-3.4394358336091457,0.9425327461072088,-6.782164486808002
2000-01-27,2.210612659295849,-4.646762527346604,1.1135594756935072,-6.569076190391571
2000-01-28,2.0154447883702935,-5.073275142123651,0.23688584034069027,-6.409952673240975
2000-01-29,1.516694386207643,-4.546427109392159,1.0607885250613687,-5.85158924066385
2000-01-30,0.9208053015502726,-5.8162805592692335,2.1192919613337566,-5.9769542296517635
2000-01-31,-0.22394851214390443,-5.7974518056532975,2.0088059880439393,-5.4955422629483675
2000-02-01,0.2415966913895683,-4.859748101160557,3.4222948389885506,-7.333662224662987
2000-02-02,-0.868950820712345,-4.231446199180155,3.3257941168862284,-6.575175701735238
2000-02-03,-0.5620032045542613,-5.19435072718448,1.4314323670022753,-5.958948957677807
2000-02-04,0.47155173056225497,-5.6701143468359705,1.2830271269070967,-7.649014214677824
2000-02-05,-0.3706633097961167,-5.781638184418416,1.111366470474424,-9.210616098658711
2000-02-06,-0.7680290553160474,-5.232964201026552,1.446044966882546,-8.549090837441593
2000-02-07,-0.3362500043873112,-4.471818797141564,3.3800478923043635,-7.65560898897987
2000-02-08,-0.30664142107431747,-5.265458384047364,3.2961045061362615,-6.823679247052843
2000-02-09,1.685893638941797,-5.812304106396412,3.5279183640317426,-6.058340809027333
2000-02-10,2.0389133144658196,-7.344779471052793,3.8060470638418713,-5.944160301284753
2000-02-11,1.7599412077123051,-7.057389706105688,5.733722468007221,-4.962659920737771
2000-02-12,1.583793201386844,-6.060791020640588,6.974184386041249,-6.364087788473247
2000-02-13,3.473638329691203,-5.936410603046309,6.846379389986491,-5.416185040856568
2000-02-14,2.5156717989049913,-5.874946138887121,6.63432546526459,-6.095078517101647
2000-02-15,0.5857771887815042,-6.856000976228787,5.606066289560795,-5.061089181191365
2000-02-16,1.4859874778494708,-5.434029473617741,6.788370867782827,-5.738876689923248
2000-02-17,0.9258857207566217,-6.135976775035682,6.324338842638741,-4.861144615678773
2000-02-18,0.9692475568786222,-6.9890611705034695,7.087558811542378,-4.906110396818504
2000-02-19,1.2998270521206348,-6.539588220828176,4.56835804666774,-4.723749401248069
2000-02-20,2.2715978766786455,-8.175857902351373,4.41481758617156,-3.220670591756968
2000-02-21,1.9459559164653113,-6.8741476156866845,4.658417675215229,-5.311178710491376
2000-02-22,1.2039802817930352,-6.385411705904215,4.278409677123305,-4.913891647379897
2000-02-23,1.8474473080266274,-7.586005169899039,5.812595778644058,-3.2042839530504836
2000-02-24,1.1727252536947117,-7.243129932860473,6.18700350147357,-3.80413175207124
2000-02-25,0.7051275676576056,-5.555967199077184,6.0006339494158585,-1.9148222999179896
2000-02-26,2.6834601740138604,-4.853315569066545,5.954433060626992,-1.105984328439534
2000-02-27,3.3267726875089276,-5.127878543145393,3.9609240833116086,-2.4167685081319727
2000-02-28,4.2254325282459275,-3.1581539358104043,3.7916090986296225,-4.152074101808209
2000-02-29,3.7115114456762166,-0.6700569655269901,4.251539135764836,-2.6334470255200593
2000-03-01,3.990328986027242,-1.3296055582665218,2.350274040718295,-1.5300613715073585
2000-03-02,2.8991448290828163,-2.7752752299740147,0.2862062205455649,0.3905875007448181
2000-03-03,3.9303705859637743,-4.977651699070526,0.18416466482588528,0.48082571611472663
2000-03-04,3.806214899860787,-5.555433365097644,0.977483177704179,0.0013461817091326433
2000-03-05,3.2964408640069793,-5.258213076782382,-0.4310800395351537,-0.8007035306386519
2000-03-06,2.9259690758594177,-6.126880014312869,-0.8151801030076,0.4379299222938784
2000-03-07,1.089116500324021,-6.581055442548827,-1.114088077218868,-0.20959680693152738
2000-03-08,1.0131305348076824,-6.256075001576744,-1.0964688160752898,0.8371712649893447
2000-03-09,0.8481231421390523,-5.029289059503543,-0.7548298858879978,1.9818285175177421
2000-03-10,0.8172663718910448,-4.353715057114679,-3.1223961988980315,0.8203057246878045
2000-03-11,2.40166403978682,-4.631596663818916,-4.867423037179398,-0.43021042939060994
2000-03-12,3.8813556326679963,-5.225335938581755,-4.642550144989255,-1.7562026725002804
2000-03-13,2.786249137158802,-4.479793124698078,-5.2576235930433945,-0.9046308022854567
2000-03-14,1.3243904814430205,-4.0892112298717285,-5.657206481665176,-0.5965280842955492
2000-03-15,1.068435816249193,-2.6962569584993865,-6.454955180649325,-2.459226521710706
2000-03-16,1.2448760483120727,-4.458748558441846,-6.943289262967725,-2.660991233240833
2000-03-17,2.7705918776063188,-3.7416815060506394,-7.3960109801015745,-4.707368194083323
2000-03-18,3.4462179619159112,-3.8961001452071296,-6.278625112683354,-3.2654046033662913
2000-03-19,3.1124179273174133,-4.748909780317436,-7.5307931621318485,-4.347160327776198
2000-03-20,3.3196423187567103,-3.8394902683949326,-7.820743123614031,-2.7087478889649894
2000-03-21,4.545784816628169,-4.950118850988636,-7.075950800464245,-1.78849743547367
2000-03-22,4.611890869268202,-5.361037777194592,-7.223719556941032,-0.9101550884397598
2000-03-23,4.6674526170374655,-5.239763186194254,-8.696598131411012,-1.3629105848534602
2000-03-24,4.762964246791374,-5.3064713769782665,-7.358052513300477,-1.1384841314381309
2000-03-25,4.513911558456388,-5.228172876428963,-6.767222239199108,-1.06314792479761
2000-03-26,4.568116774477638,-6.622336559149227,-8.76476879681992,-2.2697172842472946
2000-03-27,3.174286318476558,-7.069636907951576,-5.216568028845884,-2.042571505228631
2000-03-28,3.675111766646621,-7.4481628987608826,-3.77626631871575,-3.98778888822049
2000-03-29,3.1394476814647154,-5.496566917128288,-2.3807365571384373,-3.219773152108891
2000-03-30,3.597666261492852,-5.061869520972933,-1.7018891426406881,-3.054645483578926
2000-03-31,2.032151007026379,-3.671899184384335,-0.541186044314389,-2.053916449321786
2000-04-01,3.334295027001657,-1.4750524693937845,0.3537790870757562,-0.5982267072054359
2000-04-02,1.8253531561310417,-0.7389987309984932,1.9509422877196216,-0.14996919156270644
2000-04-03,1.9217044995316301,-2.536618035660616,1.299619575651308,0.14354329954949813
2000-04-04,0.5352730776083583,-2.00764535535742,2.1369932938846383,-0.5238430565570602
2000-04-05,-0.5082039829955951,-2.0790477087198305,2.4364146685676693,0.7563313100792841
2000-04-06,0.41651341041654966,-1.8396139886503544,1.9278925304991676,1.887045680421914
2000-04-07,1.74357200650247,-2.1862370176155714,2.861368679700141,0.7523570508568125
2000-04-08,2.4790991709128334,-1.9919777309958826,1.945573866205195,1.089319386540276
2000-04-09,1.5709908123589753,-2.0572775017291236,1.3874955937331444,3.2631249266590476
2000-04-10,2.884413188075621,-2.3423936890513724,0.5849067868179452,4.397346091718662
2000-04-11,4.033934076659953,-2.502173779605002,1.396325809275487,4.51540552101952
2000-04-12,4.626825716498512,-2.7489927888464196,0.34052538560463863,2.8042564811604933
2000-04-13,4.663734071918145,-0.20672606817801453,0.9266834369698094,2.7995637152176323
2000-04-14,3.323004580930257,-1.4030435560854002,2.3887125667241165,2.495045982071587
2000-04-15,4.38373893049951,-0.8886932496564514,1.0555583154064918,2.753465877067538
2000-04-16,3.7580702384878535,-1.4883437045869148,0.9099110133926566,4.03521126929248
2000-04-17,3.2742643792544532,-3.2161613937906104,0.39431548226171165,2.6343929943411686
2000-04-18,3.1598086491698023,-2.4346519320017985,-1.5731825747684458,1.5434251520356488
2000-04-19,3.1401479649605855,-1.3530757754103884,-3.0847970372451563,2.4642857864488015
2000-04-20,4.965472840560915,-1.626082615705722,-5.140039124008178,1.1132375045098801
2000-04-21,4.717728967280958,-0.3174571109523847,-4.711515501294743,-0.9456352032864708
2000-04-22,6.0797784105313895,-2.1346087162101695,-3.3892723639043325,0.29869311536706755
2000-04-23,7.08068255615346,-0.982194451645203,-2.2218637707572655,0.31808712657375793
2000-04-24,5.774975398185804,-1.498088063383348,-2.6392434137610428,0.679595128505115
2000-04-25,7.471205573666834,-1.6278845635448942,-2.952693150779115,1.132481667640728
2000-04-26,7.667878695680367,-1.6596866609744438,-3.4779978826414206,1.7426120356809367
2000-04-27,7.910522624058675,-0.8802954970406992,-2.401192122527836,1.4011089684428535
2000-04-28,9.747698806383424,-3.942815024480882,-2.6082011908600586,1.8128634228098086
2000-04-29,9.256895716705854,-4.917328072057596,-2.356339105044397,-0.028829120241932404
2000-04-30,7.991846097051534,-5.44555810240675,-0.8476811286199386,0.3455331120412674
2000-05-01,6.038052240537889,-5.755867895408397,1.6093514695964026,1.8346391142357805
2000-05-02,7.1036469626804255,-5.866000776967734,0.43860120950585135,0.8831035490349074
2000-05-03,5.639488863748753,-4.937852878772153,-0.7829976457933938,0.11004739646618533
2000-05-04,6.372676620138486,-4.455472291743419,-2.0132934210877647,0.1450448328190427
2000-05-05,6.831122627381097,-5.063109924348168,-1.5673086185480498,1.4529694139969767
2000-05-06,6.391540975715677,-5.334101894240626,-1.5674126076791506,1.1636318525653495
2000-05-07,4.281659695812001,-5.196923537526633,-0.8520794573353513,1.689637186925542
2000-05-08,4.732000349711622,-8.298853258001294,-0.5513219898868633,2.97319206100736
2000-05-09,6.091324101731018,-7.978695857829654,-1.4257225498432355,3.8416796203994856
2000-05-10,8.478884578206895,-7.505111605652135,-1.1539153356448086,3.232371796586686
2000-05-11,8.98776980290286,-7.253713649379843,-2.977537523584905,2.6866613454145476
2000-05-12,8.409522566495895,-8.11934762180991,-2.9986634794521785,3.2347972089032746
2000-05-13,7.93634396625845,-8.415389615821738,-4.842351833750557,2.5795424650825067
2000-05-14,7.617428823446562,-6.777701144515787,-3.9086554143460126,3.0888653227783176
2000-05-15,8.714855335573688,-5.567957717739758,-4.28271222983462,2.765646841817343
2000-05-16,9.593393775382994,-6.34639576648478,-4.692856859758528,3.665583226032979
2000-05-17,10.10806751964297,-5.2604251854190895,-5.209385610197584,2.7203795430487507
2000-05-18,9.63924586953268,-5.347604637824126,-4.351217926680611,2.294364421548689
2000-05-19,9.836343228776004,-4.426157907587819,-3.5631752106599395,2.706208091002121
2000-05-20,9.805138615965186,-3.578141987456732,-4.573338492959585,4.3972023026944225
2000-05-21,11.11299966711545,-2.885794031129418,-4.228388238129241,4.225555637346644
2000-05-22,10.820680838657017,-5.039557465297497,-4.635624040959563,3.667834216768755
2000-05-23,12.123377630461722,-4.161383068605568,-4.09902474946454,4.395278551957479
2000-05-24,12.024741880524832,-3.4947552165274707,-3.0832530531373354,3.3260393026663726
2000-05-25,11.550518277656156,-3.9619376284376844,-4.567547033625514,3.234138591921661
2000-05-26,11.156464879363762,-3.919007512312117,-4.246539982627195,3.159994271157125
2000-05-27,10.693595912729634,-5.325892866805299,-4.544520642995909,1.38480637238713
2000-05-28,9.99746632848515,-4.507826719278693,-4.177452365603349,0.8488725221417379
2000-05-29,9.73393833993944,-4.36742747651004,-2.935024395128063,1.924468913657181
2000-05-30,10.07201976845484,-3.3246112930041045,-2.56049203103799,1.3517757325884512
2000-05-31,10.25300589781785,-3.1300750745000876,-2.4175058482845526,1.1858262198251195
2000-06-01,9.905961538765636,-3.0232855994881422,-2.9498928408377094,0.29110870861443483
2000-06-02,10.796359190939237,-1.9484096348581217,-2.108891280426813,-0.8234160420396748
2000-06-03,14.072012639050135,-0.3379326287970872,-2.2312176753652038,-0.6323844964699434
2000-06-04,12.28800556271777,-0.8546711977110379,-1.485075769780158,-1.4863012845701464
2000-06-05,13.760885908019628,-0.03325364669372055,-0.19212075683124974,0.2069334358094248
2000-06-06,13.480991006819357,-0.7232714370447407,0.5212392317195543,0.6064354832352383
2000-06-07,13.481755756462155,0.1925489415119893,1.716237910450971,-0.4094163425158859
2000-06-08,12.984128181622534,0.48743420001282545,1.6542361647884363,-0.48652392900651525
2000-06-09,12.550197057347493,0.8595914792326578,0.19961639440024648,-0.4065501851896736
2000-06-10,11.571877534171588,2.0989937189208647,0.0980229299551726,-1.1900832077772885
2000-06-11,12.499541199629283,2.4294417487183315,1.0795712498657186,-2.612292509552473
2000-06-12,12.35579593386448,3.976185234450172,1.0343393817265876,-3.70950445185336
2000-06-13,11.807011546261569,5.299373074195972,2.0726737515083515,-3.471952985932436
2000-06-14,13.441520716564705,5.1556636861191345,1.8054304233274125,-2.0383540143478855
2000-06-15,14.141651969511837,5.72183133884662,1.2180968480843786,-3.1894087703831158
2000-06-16,17.66159820463523,4.937027985426659,4.4819012635512765,-3.361013323425632
2000-06-17,19.06671884251115,5.579187129282938,4.712106353675432,-2.349572663023123
2000-06-18,18.703524930624162,6.0216896497486445,4.030844935807223,-1.9560868738082937
2000-06-19,20.21625834255475,5.9511794035602374,5.2893493953008655,-2.000896205737322
2000-06-20,19.872847706590104,3.8745571421377214,3.2862390927162304,-4.127660663067632
2000-06-21,20.47584449899116,1.3304671298399562,1.8743033749716063,-4.046227056438278
2000-06-22,18.163871922600293,1.7536703195265195,0.587514539104071,-3.777116265250971
2000-06-23,17.83475486381403,0.4114440190928388,1.265418850551822,-2.310383001744925
2000-06-24,17.475032077697616,0.11506675511096476,1.0191154744276365,0.6958554441139286
2000-06-25,16.66752377472023,1.9602750544738785,1.9333103234643472,-0.03386340066835658
2000-06-26,16.621319076593014,1.2059518412055925,2.0461904639280455,-0.9982250770825861
2000-06-27,18.612373622073946,1.9851177814603345,2.3189903263428397,-1.473179212962225
2000-06-28,18.554213063741223,1.0717881930454887,2.2186051711954278,-1.1790904777754045
2000-06-29,17.853161345149314,2.8047138422334608,3.6639558994707273,-0.7504986764215389
2000-06-30,18.588358183097828,3.127267215807591,5.036059203479393,0.01639210398130675
2000-07-01,20.05761113510384,2.10926475128554,4.418129753689334,-1.1945707782762138
2000-07-02,20.864412519102515,3.492097370818694,4.538736789141406,-0.4702577609966847
2000-07-03,20.194682190734117,2.931859599463044,4.326558430435395,-0.35661281294402003
2000-07-04,21.483867447377673,2.151077249557769,3.668534877720913,0.8959347220540081
2000-07-05,21.151840984654267,0.938197415407555,4.104714379388982,2.1253042725111926
2000-07-06,21.605995746461286,0.4251620506620999,3.086880014379304,1.6423493415376196
2000-07-07,21.851408026265634,-0.1627243538833345,2.2459727297106546,1.1327542144477967
2000-07-08,20.863136848511516,2.455719028500547,1.3065254084759597,0.39323507059696683
2000-07-09,22.01096727783012,2.1362309324618756,0.302942029949127,1.0581509112184229
2000-07-10,21.027799419805714,0.5679733220926966,-0.3143520956243766,-0.4724684969260655
2000-07-11,19.644217028392706,-0.2920254782350752,-0.2101563766747046,-0.45164771469778775
2000-07-12,19.725274174268048,-0.07990023820543216,0.1806441394416648,0.21254542222355732
2000-07-13,19.710833846966498,-0.21381873090797487,-0.5381638359550863,1.1321455959741198
2000-07-14,19.329634485427793,0.6526792316434596,0.9547731174212765,2.692129756721793
2000-07-15,18.03794238983258,0.0934568329837524,1.8275527136704137,4.245589809401502
2000-07-16,19.995086981046157,1.2824525780827811,2.1297483320045645,4.339322546634633
2000-07-17,21.541579914906688,0.9539325569324995,2.9593470672809534,5.110819049972657
2000-07-18,22.36503200937253,1.373188033238758,1.8540149444259888,5.654747265694252
2000-07-19,21.91106812606065,0.2614173238361426,1.1836039587632614,7.462465190081865
2000-07-20,22.6680707061412,-0.5859625979567422,0.672599191242484,5.115410530732346
2000-07-21,23.10253047868191,-0.46632102506178363,-0.9536513122632999,3.9178865679318386
2000-07-22,22.42572336921279,-0.23868610617598807,-1.2255074807175532,4.76348598300549
2000-07-23,22.889954603727464,2.1300491744560897,-1.3748879655571777,5.597494229864187
2000-07-24,23.878815686336846,1.6097795707257097,-3.3130276702104653,3.9741895066446853
2000-07-25,23.154015278937077,0.06488626387302099,-5.487760519457792,4.618112512626953
2000-07-26,24.341235985428774,-0.21047365320151157,-5.351289516256508,3.9748674404374746
2000-07-27,24.710579597229934,1.656055614716378,-5.040523731486683,4.953233460287472
2000-07-28,22.58040993655776,2.356771843951523,-6.101985801443225,4.814278740767258
2000-07-29,24.230567327825522,2.4030810082482805,-5.0343772845652754,4.785229534148454
2000-07-30,25.385849959956932,3.169511653856784,-8.647930070138896,7.799742508946446
2000-07-31,25.168871203484198,4.367080353355483,-7.779243840814767,7.287778875368348
2000-08-01,27.27529734482515,2.7341575795128907,-6.830043057860734,8.42733282468907
2000-08-02,25.578057402426193,3.3920667346248417,-6.4978631814818355,8.21905196504959
2000-08-03,26.704611479498517,4.363993004748417,-6.4561674586368065,8.464686546243
2000-08-04,26.35879044806605,3.890417223311513,-7.597785419799458,8.385898355619043
2000-08-05,26.890530887273016,3.0955156683195733,-6.3099987228371806,8.043486686074578
2000-08-06,28.598016782635433,3.642168482237449,-6.405968815567304,8.678990368127833
2000-08-07,28.808948365769012,3.875296028642696,-6.565300779822029,8.607502335020088
2000-08-08,28.468080757048188,3.984518489828595,-5.209823380679043,9.611364020967978
2000-08-09,30.057944148142678,5.33672772286594,-5.146745028285265,7.73005442833629
2000-08-10,30.247543699398083,4.177048866809316,-4.143724094562371,8.262100815968838
2000-08-11,31.743257921098728,4.999681519087502,-3.187969158846579,7.562961086836201
2000-08-12,31.147419790923795,4.980413039679935,-3.5845226736630296,6.288872743140835
2000-08-13,31.93758077074187,2.8559757496937994,-2.7505931447256398,6.698406215182949
2000-08-14,31.98864787674868,5.149042704507492,-1.8306363228841742,7.364171663562243
2000-08-15,32.34930582197665,6.629139619318231,-0.27618678612946157,8.669087406243795
2000-08-16,32.227301925959964,6.753609246862976,1.1305501556611504,7.453235283573009
2000-08-17,32.69183221021154,6.601182343554044,0.5085625418249055,6.391643324884095
2000-08-18,34.88777116330922,8.180768584125712,0.5522151610368419,6.521822623655832
2000-08-19,35.324809145293735,7.571543202894449,-0.22722510259034467,5.64001190660213
2000-08-20,35.34009279486909,7.1285696476185985,-0.5537571873225814,7.971191761322129
2000-08-21,34.554302598034866,8.471289170294511,0.30749830983354365,7.928186707160371
2000-08-22,34.87609304309193,9.108223683248477,1.4747421006100945,7.166812903567342
2000-08-23,34.25979566778937,9.313004922616326,2.510993288393691,8.692134756702318
2000-08-24,33.115597481141535,9.956216081145632,3.9875401164087347,10.348032616010503
2000-08-25,31.615543525880643,10.319644935201124,5.191148012012944,11.504716209320037
2000-08-26,31.346481378247006,10.27579665425671,4.853028397189023,11.213758585281361
2000-08-27,31.232489889161958,10.171996602478842,5.5466475451034825,12.17948467640317
2000-08-28,31.45512198012175,9.30911066043828,5.235130250421457,12.729079612229262
2000-08-29,31.840035321745557,10.182721779917426,6.459772939232288,12.83997409020447
2000-08-30,30.635377038784643,10.599391847870521,7.664828184934005,14.013345809863154
2000-08-31,31.571607301034938,13.153819954703817,7.434714957387971,14.203168431974003
2000-09-01,31.369441023394533,13.388211059710699,7.478554489534319,14.917655371272105
2000-09-02,32.50910647272161,12.180866381907004,8.495431507622564,14.828088094119945
2000-09-03,31.134249012542963,11.918403751542673,9.361204442581199,14.91651415760038
2000-09-04,31.72098991405688,11.92834476451073,7.79324714377851,15.197285338343505
2000-09-05,31.66259802018208,11.22337130158882,8.28302666592862,15.737305325406252
2000-09-06,31.264576997328987,12.604327183549787,8.25995081195249,15.33486062160188
2000-09-07,31.275871982302125,12.683739037856347,7.918236399966458,16.00089092753197
2000-09-08,31.26109094989947,11.601118108177438,7.004989482261105,17.05163762265511
2000-09-09,32.41144917001734,13.034875371422533,6.506241026534769,16.781319711191955
2000-09-10,34.59831527347208,14.14268382400608,5.934196419879906,14.897847089956581
2000-09-11,33.38955640909724,14.512309696216382,6.077217042037153,15.641064826967009
2000-09-12,33.069029129908586,16.128605598231953,6.83436894518643,14.973639790510001
2000-09-13,30.59756016149225,15.324336493218409,8.046065007782053,14.77342255837403
2000-09-14,31.168656126261247,15.903179846901649,8.428201830893617,15.221898213507721
2000-09-15,31.182369453592347,15.712349189233386,8.795145064825567,15.033612050083672
2000-09-16,29.727214148285938,15.876147867134268,8.947872414702358,16.268685288346866
2000-09-17,30.920468177463846,17.176809371645767,10.288647515583047,16.15899611478306
2000-09-18,30.799034475681793,16.08669464506059,12.04764740490108,16.701301737534457
2000-09-19,30.579719130105993,16.189628301206273,12.335380675616284,16.57099657429455
2000-09-20,30.692578992405675,15.858100119095159,13.43674133588275,17.315707433142055
2000-09-21,31.968711542962154,15.270392252333624,12.967086359030588,17.606135299258163
2000-09-22,31.913803824613076,15.738849844879214,12.847250043980171,19.500446190502213
2000-09-23,33.051384638016515,15.231521953029429,12.324693409321222,19.413515700793052
2000-09-24,31.5433026824424,15.589417633333225,13.678651458859601,19.176913214756166
2000-09-25,32.287977331547296,15.489083413187144,14.50210616702861,18.970985265118784
2000-09-26,32.69617739622455,16.50631495862257,15.26108022858656,17.542153828679616
2000-09-27,31.721217290720517,15.563866465709744,16.712049646685614,17.397450345896296
2000-09-28,32.53887553782351,14.005483403900149,16.083351655520378,17.30716211980387
2000-09-29,31.835695715634916,12.422592909050978,16.974786618783472,17.046775106646912
2000-09-30,32.8421289876247,13.190046505232644,16.541475962781536,16.692128451024683
2000-10-01,31.8860946038186,13.802043666860552,15.65970899982792,19.25375512728311
2000-10-02,32.80972129041263,14.636530892241556,15.807331924976275,17.764413651072832
2000-10-03,31.53973924084091,13.748405690756318,16.112563730783048,18.99133816260131
2000-10-04,31.57467500881416,13.103369755281587,17.015786507538543,18.828891635843252
2000-10-05,32.542207429662476,13.291408018107761,15.64085869791463,19.188655944543243
2000-10-06,32.57346166737386,12.29586733407782,14.607062375410008,17.885768882944667
2000-10-07,31.255871853987614,11.19531099590032,14.333992692674864,17.83649909148887
2000-10-08,31.439601085824055,10.36447736974874,14.380759255876974,17.224831879607173
2000-10-09,31.21584209412819,11.89493816359981,12.807575745751297,17.776620087340966
2000-10-10,31.800400576886123,10.82754921477167,12.558435857942783,19.73000236264209
2000-10-11,31.023366394349804,13.378910751808572,13.608699759510667,18.121619889994278
2000-10-12,32.51428011759866,13.232183985783301,12.87085070980386,16.782608447546462
2000-10-13,31.930280058354086,13.454600396543569,12.603746574733755,16.909642957981067
2000-10-14,32.45142945220966,11.701246525240377,11.852681243284708,15.785811461767306
2000-10-15,31.76119274179473,12.813274095160537,13.743492347771735,16.13472349446144
2000-10-16,31.48982884421965,12.291474909707166,15.72940739628517,16.94461903879839
2000-10-17,32.22240490714098,12.400185047783355,15.492717443093314,17.860693149096743
2000-10-18,31.40294754928076,10.791120911582299,15.644080463963524,16.737959837103922
2000-10-19,28.741200162122922,10.079704242695762,14.441852084671144,15.412183902181074
2000-10-20,29.19011743754103,9.649765030885632,12.399952339616316,16.052387040258612
2000-10-21,28.84748730454172,9.833812637404389,13.427193213383104,15.690906231295115
2000-10-22,28.66476488691029,9.755521526338892,13.792394094088955,17.264251189923197
2000-10-23,28.891390655176327,10.41992704495236,14.34377320301088,17.483457966621643
2000-10-24,28.596356484160715,9.837464097703231,14.732454337667242,20.057767556101172
2000-10-25,28.107988030648734,9.20102247848131,13.59645890106311,20.97686917681246
2000-10-26,28.37720643753491,9.663611456815572,12.323750904666678,21.518821513539724
2000-10-27,27.137258295342896,11.284270400873007,14.01399788428576,22.569420401853577
2000-10-28,26.332855743111285,9.592312284184905,14.443277335990008,22.04901255800354
2000-10-29,26.398483144686114,8.889611445051631,14.638097120026995,22.977521124395466
2000-10-30,26.449821734300837,7.656710233832855,13.322109258415365,23.218005552652322
2000-10-31,25.94045407304284,7.293561184699032,13.683320291837772,24.389255416498447
2000-11-01,26.54121257558751,8.390766145852046,13.401145140493837,24.10304880604961
2000-11-02,27.017294072060285,6.652702950373534,12.699204236313232,23.471315676245098
2000-11-03,29.113999356009046,6.7774718999072645,13.51933709218053,22.57638979330454
2000-11-04,29.437015566508727,6.588780817959544,14.574970431509978,23.108072777240558
2000-11-05,29.033125267565147,6.948399192726089,14.711369402594995,24.47728113450443
2000-11-06,28.305329176491874,6.585273656792383,13.89980391248245,25.25123189307622
2000-11-07,28.268395630273805,6.228265812913578,14.20137673726149,26.699125313732996
2000-11-08,28.870468450328225,6.829503818320284,14.294324393845391,26.29908050775548
2000-11-09,27.894294360349605,6.394174316468866,16.03304416575996,25.482528127065944
2000-11-10,29.43869130911426,6.397464467882777,15.825056595730786,23.566287306202106
2000-11-11,29.832835833762665,7.193979824053613,14.662051653117572,22.893748003649215
2000-11-12,29.390561336591325,6.136835858064357,13.371918462672506,21.786876045753612
2000-11-13,28.714561531627186,5.6854499114138495,13.567874452046185,22.99872300044045
2000-11-14,28.571018064737295,5.899911452294178,13.100693746213523,23.204259146971268
2000-11-15,29.98602678620233,6.749665641790463,13.87701769814683,24.137415902442626
2000-11-16,30.293476824396166,5.2419163646261655,10.750956338793682,24.068915469105367
2000-11-17,30.369346373482774,3.6662135810540444,12.712870405345308,23.181422787283807
2000-11-18,30.250325622529363,3.8982660664117414,12.724263943094332,21.877814492716034
2000-11-19,31.156030443467934,2.3794055743427918,12.802574862961823,22.544921067800466
2000-11-20,31.611316815028395,2.562615772145589,12.759640667203103,23.381406803361156
2000-11-21,29.789641690256072,0.5200932804376248,11.855140329663152,23.22644783171014
2000-11-22,28.956028568257082,0.020378894412172888,9.283241505503746,23.780953322894906
2000-11-23,28.99204926890684,0.21498455554746232,9.905391724342655,25.36932823610867
2000-11-24,29.222642962417172,0.15478122257831123,10.224863812435505,24.832450123888528
2000-11-25,29.397482002932637,1.7079248831568985,10.789248846500135,25.28331093679136
2000-11-26,30.27986012503577,1.2164079918451365,12.630369808848169,25.913179062654695
2000-11-27,31.465756181526864,2.0062434355423897,10.824376202489068,26.38745054613147
2000-11-28,30.64226841973099,2.424866648078002,11.89011203347992,27.34347997307593
2000-11-29,30.529196356065814,2.243929543747081,11.935535898856925,28.312051221065385
2000-11-30,28.95012288170333,1.4341552819005883,12.478355341268905,28.163453927816814
2000-12-01,27.298539288165806,2.526527441171762,13.068754604027518,28.64929557438118
2000-12-02,28.04299277136743,1.749904650037835,14.34149998275743,28.034655585294907
2000-12-03,29.23245594164615,2.0197218030339044,15.075328663694686,30.131028641241237
2000-12-04,28.903209179263698,2.975066206175502,14.201217660722431,30.31292229959673
2000-12-05,28.35175185594074,2.8914610427520424,14.35120776540144,28.583225265430578
2000-12-06,28.708595293734913,2.878341979441404,14.735477326343663,31.189879931822727
2000-12-07,27.37708066623347,0.7192633978434531,14.41478228772058,31.493251716063867
2000-12-08,28.390378977267133,0.7327966522359807,14.307474656971172,30.746880397988107
2000-12-09,28.436966585375554,0.9862625363345592,14.130139237929914,31.826067226266364
2000-12-10,28.50981858212626,0.09774320858344265,14.066628832252626,31.922271733256483
2000-12-11,29.318050161904104,-1.3205511020638288,13.420518248209337,32.097044006302774
2000-12-12,28.73992968127642,-0.7193805578417525,13.282639660385577,32.529244180871665
2000-12-13,28.62748996205406,1.1027128618156183,12.229345154689316,33.00872288154797
2000-12-14,29.603409817562703,0.6832484563240936,11.548988119090994,33.54290671767084
2000-12-15,29.16992621984709,1.4940547437270766,11.96632021123091,34.997232038247326
2000-12-16,30.37477792168273,0.5890618718366247,12.988883786980157,31.915257983927013
2000-12-17,29.85627818138472,0.4656452308722381,14.897972555836155,31.240398670103914
2000-12-18,31.51891097150477,-0.7038455860031636,15.717986580151209,32.68216917987743
2000-12-19,31.47301595942998,-1.4200957378601182,15.82626714367809,32.17779227275469
2000-12-20,31.20795633975208,-1.3452394046404883,15.412017090602482,30.769052088741994
2000-12-21,30.404740861653213,-1.3668956723080792,13.648097284988555,31.64474901945554
2000-12-22,28.895939240736595,0.1986980413952033,13.173762946517726,32.63633999995703
2000-12-23,29.08055890566512,2.529439185134432,13.07580138324594,31.546821475861048
2000-12-24,30.116891085635558,2.0173897401433867,15.122642861624318,31.248957658021304
2000-12-25,30.60633043436774,3.1447442499875984,14.012761190090322,30.868955976445683
2000-12-26,30.199279108785703,1.575883561965371,14.59365949483271,29.90728147725236
2000-12-27,30.741441470183833,3.134418811169361,14.23921510356627,31.02573608563393
2000-12-28,31.75889908569514,2.6441470370399855,14.504035194367003,30.55983805235767
2000-12-29,32.5412529228607,0.22009850280573318,14.668802036617395,30.257052672339256
2000-12-30,32.44012455730863,-2.730007555996764,15.445581739739115,29.07405219918898
2000-12-31,31.68986346748964,-2.450331849525775,16.711489260816705,29.78331023885438
2001-01-01,32.55634973344552,-4.065295196203409,16.89228357862694,30.11195877905464
2001-01-02,32.63331517722002,-2.6092154508409933,17.4732764674995,31.440701271764397
2001-01-03,31.343189726829948,-2.7455409870451852,16.971197392109726,31.62363040475407
2001-01-04,31.238240224124272,-3.4298149910361646,16.421196316076408,32.416671209917446
2001-01-05,31.98806863667049,-3.065511857746339,14.360272936043764,33.45405424920866
2001-01-06,31.908689863026712,-3.115562248536299,13.852666788808426,32.364870772144606
2001-01-07,31.158898941021643,-1.8046041548283387,14.031766641350778,30.73323210842953
2001-01-08,30.527876841631063,-2.585065845517465,14.047256017370572,29.793818888905413
2001-01-09,32.64050442424799,-1.411254471900427,12.578899107626853,29.80051526070509
2001-01-10,32.19888393323139,-1.4004401691446455,13.325873599901591,29.032575091353202
2001-01-11,31.329148097164556,-4.204439605287814,12.62983113352011,29.290204082861983
2001-01-12,31.4104073963473,-4.368307501049283,14.385681122471503,29.356004010028087
2001-01-13,31.38321417180602,-3.6821283853119566,13.733179874600669,29.899169314583197
2001-01-14,32.300178389617464,-4.801431312237666,15.529849869087089,30.77310272337745
2001-01-15,32.36475272727196,-4.554896183007509,14.501247376553895,29.468840074721516
2001-01-16,30.816921547066347,-5.69213837437767,13.019526576342503,31.638589443265484
2001-01-17,29.532422021963278,-6.249120714700581,13.484149033639433,33.72605808374297
2001-01-18,30.552292257348803,-5.688940878499675,12.932019438821694,33.15352935112988
2001-01-19,31.101412841565168,-3.9246263383840985,13.2548742354225,33.80602231192591
2001-01-20,31.28195099377953,-1.8518698011367953,14.595558056527706,33.93718614172503
2001-01-21,31.528777316456534,-0.1710399621172023,14.400392920429592,33.382170619253124
2001-01-22,30.060978810524052,0.37557524225122285,12.729002601424448,32.63145658206902
2001-01-23,30.563625071854126,-0.5182283216633947,13.541597646439198,32.61859046917031
2001-01-24,31.525119977248035,-3.0478991593019704,11.492529953580782,33.549914262549024
2001-01-25,32.547542272354356,-3.8176381502099277,11.23493142257464,32.241291279589
2001-01-26,31.799178446056363,-3.671007591718134,11.611526075462395,32.85917854263928
2001-01-27,30.65819023405369,-3.683897581213094,11.955934565239675,33.38365307571474
2001-01-28,32.002359381802634,-3.6242400141190005,12.891260357747473,34.192191509970016
2001-01-29,31.975558975849747,-4.699306763758737,11.96111773061798,32.84860986387154
2001-01-30,29.71214019207619,-6.693845772636355,10.309760361778022,31.558817417467687
2001-01-31,29.175363322472872,-6.812852888997024,10.42935036955309,32.23303090000238
2001-02-01,27.816669006705144,-6.291751640105021,9.81291486095783,33.451811175709814
2001-02-02,26.362254026624893,-7.859658648541591,8.518606426467032,33.61851073116488
2001-02-03,27.014319466480146,-9.03814473809338,8.658747836832381,35.257332716478864
2001-02-04,24.915085513198058,-8.962285766013355,8.209853892122993,36.05509916754027
2001-02-05,25.688198181161393,-8.58482036827051,7.891162745052413,34.91645704025384
2001-02-06,26.073183355932787,-7.714356531329263,7.256872520019109,35.003373468273466
2001-02-07,27.955961325328698,-8.392685888143166,5.85697513529731,34.5364562977612
2001-02-08,28.906753107340062,-7.627078290089372,6.513528842675788,34.77639151522922
2001-02-09,28.995653468217732,-8.916015622149523,7.778118886759937,32.912245837167916
2001-02-10,28.659881931065502,-8.749400963103477,7.096668403243913,34.6708148344191
2001-02-11,28.97410798299605,-8.914823927170978,7.328370495585499,35.620753021069305
2001-02-12,28.16971313728379,-9.981744230475027,7.4942598750925695,34.83564959560542
2001-02-13,27.596284144313486,-10.371133918902112,9.470535805181035,35.33914755317831
2001-02-14,28.76825293001856,-8.129039156698894,11.668092541104176,36.03959309381071
2001-02-15,28.542505511661307,-9.484454367274493,13.104005992123131,37.4138059117948
2001-02-16,30.215046162251348,-9.165423025967765,12.540237293549028,37.33113762880012
2001-02-17,31.35429244336721,-8.427452651677223,12.655962160948778,36.75943701341878
2001-02-18,32.66472382236719,-10.295699392837212,12.507050484594952,37.60414264154331
2001-02-19,31.223832847563386,-10.640052957852449,13.403945125949857,36.60433578638477
2001-02-20,31.45812450602499,-9.490415011255697,13.432120608276396,36.051570306106434
2001-02-21,30.436169453688947,-9.590616706896832,13.598532792854897,38.482811626829836
2001-02-22,32.23408393327748,-9.71363658059385,15.602186545035426,39.544905379218655
2001-02-23,32.495252219613256,-10.654287765991164,14.29592739024545,39.33207880605464
2001-02-24,31.76018286235219,-9.728474589880552,12.511791518168597,38.60264036857188
2001-02-25,32.54729879467329,-9.654837480298117,10.89100758863794,38.08212964049854
2001-02-26,33.8879856618941,-11.024029086422205,11.45675182161834,36.92305686954888
2001-02-27,34.33092439277545,-11.478871771252688,11.396397399159905,37.109909712880736
2001-02-28,36.57640261626621,-12.816328203936806,9.942014091027941,36.440107755634315
2001-03-01,36.20364958025695,-13.67285737927873,8.801200955662944,36.402657673948646
2001-03-02,35.0141205713576,-11.40353216566729,8.382967068756189,36.11294237298621
2001-03-03,35.51108524336756,-11.814577689150898,9.150041083420499,38.72133373746526
2001-03-04,37.295274523137984,-11.399307972878464,9.635979532042892,38.40932983486933
2001-03-05,38.13424564808807,-10.371801002042371,8.924093174354182,38.11856328379562
2001-03-06,38.30019117271526,-10.571423433433253,7.848074311634697,39.47994831120248
2001-03-07,38.39716702623889,-11.45350846194318,7.984846346869687,38.4590216913425
2001-03-08,37.0614697020281,-12.179834850195437,8.47352265009461,38.610923393500265
2001-03-09,37.46841648110935,-13.549401686153375,7.838687154523583,38.254393050824596
2001-03-10,35.89119453244053,-14.381825590881384,8.285461503569943,36.75315951844368
2001-03-11,36.884946656014506,-14.392898129051893,8.90050714476012,37.010681379479564
2001-03-12,38.180292218056536,-16.220854662074125,9.788883522512675,34.822313621718614
2001-03-13,39.69287606560094,-16.89000118781716,10.457660700115191,34.37399363569141
2001-03-14,39.00190543532206,-15.24680855222436,11.120778298509585,33.18857794068454
2001-03-15,37.503548187250715,-15.278147812828768,11.204731029584659,32.929215773088345
2001-03-16,38.55183103016218,-15.49952846361186,13.121982020274427,32.363359870944485
2001-03-17,39.06422078388022,-15.563932730125705,15.192567966382745,32.37689922645963
2001-03-18,39.80334669840412,-13.880600533889032,16.142230742208227,32.38928852754095
2001-03-19,40.324927148129674,-15.027742124763352,15.775220794987158,32.15690482919138
2001-03-20,41.22582636996812,-15.540820801022596,16.039684343418397,31.57852861525216
2001-03-21,42.4927097076376,-16.697883173570723,16.913996127682903,32.630786217413835
2001-03-22,42.81926505421629,-16.21659138227124,15.338866084925218,31.962543029065678
2001-03-23,41.18655509531393,-16.169695941752728,17.046348054938992,31.99203619664893
2001-03-24,42.6904440755569,-15.88253099563506,15.869346091172732,30.832365927669812
2001-03-25,41.88824498808159,-15.670896025783552,16.252790156236337,29.871494824700285
2001-03-26,42.49451801412191,-16.07176832979932,16.55129897931905,28.660166213330232
2001-03-27,44.11536719418398,-15.962535799483668,17.047763491569924,28.117876870802597
2001-03-28,42.98637724581531,-15.89105909601503,15.447703489317368,25.450807376407525
2001-03-29,44.238225189242364,-16.777342428316246,14.736571800852388,25.682904702168077
2001-03-30,45.9514865174201,-17.71522928789676,15.813722622541912,26.08416982034921
2001-03-31,47.82593551135227,-18.66380347192205,15.046786371230665,25.27820977807751
2001-04-01,47.72962365555185,-17.034529227088555,15.457504509314768,23.90866129168178
2001-04-02,48.07013756141067,-16.57473194673338,15.413795260099635,25.240422501047412
2001-04-03,49.44904284150222,-16.203223592911918,15.432020690985295,26.557765055840367
2001-04-04,49.51093447613353,-16.840280046199272,12.890846404665057,26.719833478714808
2001-04-05,50.659811851667016,-16.03851620535951,11.8997927844379,26.761916161785585
2001-04-06,50.84413110969106,-15.236224234193697,10.6076404823482,28.64431040487673
2001-04-07,49.45486585788958,-15.078072477174908,10.590696607203073,29.94900401597465
2001-04-08,48.54021492811307,-13.44773253034573,11.61588152297795,30.143472021788234
2001-04-09,48.48508435072992,-14.760939693949025,10.26393808683329,30.219023561063235
2001-04-10,47.788519645454286,-14.048944004058075,9.075377482589728,30.27482556778008
2001-04-11,48.19154890266909,-13.111190870888013,9.569573395497914,30.584413407718227
2001-04-12,47.39416902425832,-13.631151648232933,9.64554366435947,28.438535566177972
2001-04-13,48.061906000898986,-13.162879300630173,9.238415321757307,27.61011030813769
2001-04-14,47.045691792387586,-11.757060272068648,9.27535752833566,26.951956934425645
2001-04-15,47.17875512703911,-11.832845911019206,8.261118981831334,26.5734347934132
2001-04-16,46.18508415218565,-13.149326432029211,7.195407623641214,26.895481907147257
2001-04-17,46.0691988912126,-9.82492297028955,7.254776787139293,26.61913350397126
2001-04-18,47.31895002845602,-10.054947879734849,5.326820141350767,25.20614943356087
2001-04-19,46.513341092076644,-11.174778590845401,2.3113983570123096,25.13111062608101
2001-04-20,49.063005826377044,-10.078678769570566,1.5352107176477348,26.16852933165375
2001-04-21,49.4881923775297,-11.558552519824733,0.6735905005717379,25.773710046206165
2001-04-22,50.40474425296188,-10.858302670038231,1.3945291339734447,25.942850587114094
2001-04-23,49.640830476424675,-12.90387341055877,0.9753846091235299,27.18302556429785
2001-04-24,48.097999014261966,-13.287281226612766,1.9231938117263367,27.90270123396453
2001-04-25,46.292962019191094,-12.281001923844261,-0.6708673262056628,27.896774889643154
2001-04-26,47.91898379601793,-13.229894638215715,-2.578759466739367,26.650369391056074
2001-04-27,46.84793502883802,-12.3101488676531,-2.7831098014519413,27.028010691713188
2001-04-28,47.750136117947726,-13.88407089224961,-2.626411159958474,26.13884116514287
2001-04-29,45.98252221092033,-16.22745932592208,-1.8068500793324382,25.8542653591912
2001-04-30,45.37654941840511,-16.519829873504502,-1.4461751917477732,25.926290763921088
2001-05-01,46.28631552674435,-15.900147944914034,-1.841819934747007,26.04960404911625
2001-05-02,45.9442179996445,-15.651684299118292,-0.675507799197054,25.98478972285451
2001-05-03,47.410019876942265,-14.378321462911194,0.13853081701059333,26.79213016012089
2001-05-04,46.44610233351408,-14.005044497961956,0.2859233105562693,26.393247097470805
2001-05-05,46.842846784330284,-13.69050802323905,0.6997433697051703,26.07098877163598
2001-05-06,48.595342159024874,-12.787830671489667,0.5148408638832516,26.319698633325302
2001-05-07,50.804927688385746,-11.160788086568498,-1.103541534297432,26.61151137693876
2001-05-08,52.38818199126689,-10.792105757614378,-1.541813484891561,25.27960462425914
2001-05-09,53.473039684323,-11.101970583849129,-0.4253070955346605,25.016438609719362
2001-05-10,53.764597275851756,-11.483804538664689,0.15110096949274043,24.73962503053998
2001-05-11,55.10992016699517,-12.130613313606538,0.10168409477583933,24.4194008991713
2001-05-12,55.9450505700667,-12.823337870404991,0.5454459867963243,24.04693758942445
2001-05-13,54.11411423417784,-9.757811003968174,0.11177926303479568,23.002425055778843
2001-05-14,52.935433641570015,-11.288288011058945,0.44336661525606674,23.04657153403211
2001-05-15,52.438844762549806,-13.367929679909917,0.8483503154492805,22.643207763410437
2001-05-16,52.099775964235924,-14.340047193895154,1.087546499646949,22.54597025057027
2001-05-17,53.01087163274805,-15.432097962476588,1.6289825716318567,24.352535708982266
2001-05-18,51.791697536230615,-15.462623659095808,1.7985329068874436,23.978348509769866
2001-05-19,52.07383301326601,-16.688347193768255,2.0060365146602255,23.83251379320245
2001-05-20,53.3919534747098,-17.885500502723247,3.157839868772718,23.64007419731651
2001-05-21,51.807929305189546,-16.407821441154283,3.4957117366053856,25.27828335597585
2001-05-22,51.34494235750208,-14.457892609806594,4.162106641743952,25.694689657706547
2001-05-23,49.851577703891586,-13.909995909792503,3.7283306529997144,26.99055446733416
2001-05-24,47.73875109598754,-14.919963932562782,3.6499905695203254,25.765936016458824
2001-05-25,46.667421032601354,-13.457227180219533,3.4628152544618245,25.740578838325938
2001-05-26,46.55420493534734,-13.65636827666207,4.648503476733514,25.555755264231696
2001-05-27,45.030087368481745,-13.994868386588465,4.650038087649793,26.858800985336376
2001-05-28,43.61587818843442,-13.460055642347335,4.4349010394461175,27.12190517219675
2001-05-29,44.13368008464563,-14.437270175910259,4.722108385369419,26.769855769441953
2001-05-30,44.93192038146293,-15.754192871272954,2.8512716936722544,25.59942445410539
2001-05-31,43.36244512335925,-16.594734029608148,3.2114427876129072,24.51356784043088
2001-06-01,43.70152138814065,-16.473402427434028,2.4260081769319592,27.681010856115826
2001-06-02,43.336807053154956,-16.22422126380433,4.379152335419208,27.993047908448222
2001-06-03,41.18584965892531,-17.762042287062616,3.645622970909245,28.167326125153675
2001-06-04,41.3456150184378,-17.605025476882815,2.5304869809536363,27.511589358057858
2001-06-05,41.157759249572216,-17.1026190625534,3.4920917116226535,28.40788285329177
2001-06-06,40.296320018243556,-17.623415947765956,3.217755754606652,28.724627386700444
2001-06-07,39.865565433500045,-18.336038390577777,3.6208220002212683,28.436922721659446
2001-06-08,41.8430208985237,-17.008902009210292,3.577308848667924,28.767904785117082
2001-06-09,39.21056745549987,-15.391886791653143,3.063622329317454,28.017606987082406
2001-06-10,39.261288863560324,-14.592817968931154,3.932004512584915,28.730743161503465
2001-06-11,41.256586593196786,-14.531711153958666,3.8484411481768546,27.073498270023983
2001-06-12,43.69917835872867,-15.119376510440734,4.294142713573176,26.883936727117725
2001-06-13,45.20775956789929,-13.007581537531816,3.1827568742276644,27.758723098329327
2001-06-14,46.42809012820566,-15.049588334285607,2.711123901292575,29.2999686242578
2001-06-15,48.50261765242177,-14.79094940202082,3.5925450445412266,28.128356826999433
2001-06-16,48.701266201320735,-14.38140682711036,1.9831593991226435,28.409291797077724
2001-06-17,50.049302028230805,-14.037477064247703,0.7830970621703255,27.986475685662196
2001-06-18,49.7891362267773,-15.134867030932856,-0.24433653728474258,28.53955487344228
2001-06-19,50.26503149886873,-15.583449147117165,-1.6894416225678472,28.541940111961047
2001-06-20,51.71730288912724,-14.443229845063893,-0.7807369972779067,27.14814909012295
2001-06-21,52.27711559015758,-12.83806135471716,1.1941803814609702,26.910563909989257
2001-06-22,51.869948779798136,-13.626474377444293,-0.29615089778661563,26.76573621355254
2001-06-23,50.858368068244566,-13.127729058567825,-0.7672572923904416,25.07218915698722
2001-06-24,50.474733692228526,-14.498315396177714,-0.8387888362649898,24.36650553174704
2001-06-25,50.39660563257278,-14.41557409499598,-2.011871299614352,25.658033910954344
2001-06-26,52.73915277354417,-14.423664429690092,-2.0810559002720965,23.609927175173752
2001-06-27,51.14510669334738,-15.46594882886859,-2.329978663522822,24.428574244624244
2001-06-28,52.38476048959366,-17.118945809338754,-1.688409623860676,24.469607096697594
2001-06-29,51.359859139364836,-17.049927621707393,-2.72065821103208,23.87546882142208
2001-06-30,52.18487055739496,-16.75038606916932,-0.7080399518106244,22.203399880344598
2001-07-01,53.39679657738378,-15.231512945083775,-2.1287089780353465,22.363748033151545
2001-07-02,52.44116138215634,-16.47371810871503,-1.6391730792838026,23.25077983709252
2001-07-03,52.65793953973669,-15.396387282722236,-2.56246899496322,23.493159123683842
2001-07-04,53.35134366725296,-15.939488093855115,-3.6188100621154335,22.746870322671786
2001-07-05,53.74489400357845,-14.871962609787822,-2.859718850697905,22.02045350161993
2001-07-06,54.98260621369555,-13.892806446240524,-3.9541766888437833,23.38196335856883
2001-07-07,54.54283350790718,-14.104790862505997,-3.354821405571908,23.70459191394205
2001-07-08,57.28631622091039,-13.911791736672447,-4.206270287306756,21.902483324721
2001-07-09,57.85932205962772,-13.312022253156172,-2.9885957931604166,22.131241518478923
2001-07-10,57.10165576118205,-13.273852721480715,-3.1413710626184046,23.974951337059483
2001-07-11,56.45311213527843,-13.369220005759244,-4.813518223166703,22.612784815682602
2001-07-12,56.05127587652915,-13.96994856976574,-6.21806011595745,23.379066524147447
2001-07-13,55.807114223812974,-15.023560551249906,-6.907802840732511,22.651746286512996
2001-07-14,56.04397688680143,-16.176961334130862,-6.25260393606715,23.117055657323522
2001-07-15,54.93434674938977,-17.578589718420005,-5.107477751768363,24.9371141681896
2001-07-16,55.83662163156447,-16.19311010401395,-6.0412423409896725,23.512493133611855
2001-07-17,55.768037981925836,-16.98699364619347,-4.647667658356168,22.44475560942301
2001-07-18,54.651179042802255,-17.365326433372935,-4.645853872857623,22.548496131052996
2001-07-19,56.113798044838056,-16.713904742103786,-4.301895641068891,21.475590813793904
2001-07-20,56.05033084733658,-18.22186781436764,-5.431764939732483,21.72158949116447
2001-07-21,56.99739560252131,-19.099593693095372,-5.199612905393457,20.736042176060902
2001-07-22,57.745379179604654,-21.240539884897522,-5.009740202842757,21.14143545128191
2001-07-23,57.94611068060411,-23.252791422617673,-4.171427660222324,22.144357180214357
2001-07-24,59.49592239555006,-21.953877641972394,-4.640192490959775,21.867258871631375
2001-07-25,59.006805844360144,-20.927417899962755,-5.765099171892173,22.512556890420164
2001-07-26,59.68453065878771,-20.774544974659236,-6.684820215813205,22.90181846521629
2001-07-27,59.645060320315686,-20.872473278259527,-6.748585490876413,24.713194254550427
2001-07-28,59.6062047827625,-19.295668447803248,-6.009998011919775,25.614709005138323
2001-07-29,59.47052653761276,-19.529095333355247,-6.010820917536696,25.097086344340887
2001-07-30,59.024423013416495,-20.444543758293946,-4.993586151842752,24.625775248855568
2001-07-31,62.1151742352216,-19.812071789849462,-5.554462513697516,25.215294573519262
2001-08-01,60.609486667200485,-20.066156873547925,-5.035223829677943,24.940196695695885
2001-08-02,62.50686843309797,-20.38256285461294,-5.644107015710375,24.89103948575836
2001-08-03,61.77239641100618,-22.352973788232855,-4.272274637465149,26.550344422572667
2001-08-04,63.62577419999546,-22.579878678283865,-5.218578414374093,25.049896705105397
2001-08-05,64.00280231326771,-24.602525748386345,-5.262047362525134,24.502049154215193
2001-08-06,64.39407216566134,-25.50728613530312,-5.0196840904468925,24.935964972370034
2001-08-07,62.824948337156876,-26.369853081231128,-5.781946467057603,24.438429976536035
2001-08-08,62.83039606767927,-27.055688170143878,-6.3464256526449825,24.342388652804182
2001-08-09,63.01446072933657,-27.17479189412016,-7.222045601355775,26.11133470851576
2001-08-10,62.62335729516571,-26.999972157640567,-6.816477534420794,25.59661123380722
2001-08-11,62.75586012927337,-27.202873616766915,-5.869903732191804,24.924427307881782
2001-08-12,63.0180789224346,-26.684676831693032,-7.136582679405021,23.796276860093812
2001-08-13,63.20465501275556,-27.042496866399645,-5.63331671750331,23.81039208331216
2001-08-14,61.32916557272026,-27.4647989351712,-7.148857993378373,22.224908023013594
2001-08-15,61.15838715246111,-25.230347309775514,-6.503343739405916,21.620084004522017
2001-08-16,61.48681487990691,-25.00278810689648,-7.233087807704325,21.086618582972537
2001-08-17,61.25151782630156,-24.17431576877103,-5.901285385902908,22.2304392629278
2001-08-18,60.92105909846535,-25.49836467565581,-7.011327064075577,22.90792451749331
2001-08-19,60.42105221183329,-26.856196141460167,-8.060188780975459,23.352458827923932
2001-08-20,60.13579543647319,-25.70432788644989,-8.25328530794065,23.518350399534828
2001-08-21,59.112693960929924,-24.668408905011553,-8.086426925653669,22.849327989898278
2001-08-22,59.49043364121044,-23.453887268485296,-7.300723676855996,21.755057519558452
2001-08-23,60.00051174314016,-23.497315964125995,-7.185550399613515,22.48080651621101
2001-08-24,59.270838887633275,-22.80489321865368,-7.577734615292779,23.03491173496393
2001-08-25,58.21486151400846,-22.539450791154632,-9.679890346031922,23.825671921338206
2001-08-26,57.754483748297176,-22.30639978986541,-9.638516718498103,24.0548285056004
2001-08-27,57.18279771592463,-22.85362243269975,-10.478080229173866,23.692758862310825
2001-08-28,56.998733321907444,-22.51341949297698,-12.348078960011271,22.79279938247566
2001-08-29,57.48281365035443,-22.248457835941576,-12.737860725871489,22.31215510471568
2001-08-30,57.275578838240605,-22.27739091881482,-12.905695485305225,22.005793562644207
2001-08-31,57.768950398268466,-21.418658999767334,-13.526884270051433,22.091825708854355
2001-09-01,59.03399620212672,-23.11289455340346,-12.088071593361384,22.967368675884806
2001-09-02,58.66425166027516,-23.915218308822347,-11.341001737629792,23.880831716698417
2001-09-03,59.679250752093616,-23.328064111816712,-13.276849673421259,22.91381059535673
2001-09-04,59.58336488075632,-23.816967675222948,-14.227032407767144,23.774656058013946
2001-09-05,60.51547373911208,-22.260337606489863,-12.93062527173099,23.672318386167657
2001-09-06,61.46154296273443,-20.347133301393196,-13.326730877358953,24.649194194386997
2001-09-07,61.826855637576685,-19.743300672035637,-15.196887148582473,25.023951853001986
2001-09-08,62.78919907435595,-19.106773822975065,-16.000838736994538,23.357411747766996
2001-09-09,61.44458058806228,-19.17025773770296,-17.530485133778736,23.94340504466903
2001-09-10,62.815472126206394,-17.686438753626298,-16.576684033629753,24.415873365331514
2001-09-11,62.353868069949016,-18.282252780024116,-16.53981113395905,24.510677835350673
2001-09-12,61.02815692228794,-18.157384484984938,-18.036635011312917,23.626674663096466
2001-09-13,60.46971218370618,-20.268011251732865,-19.425289485604747,23.7543485682135
2001-09-14,60.21244681674874,-21.47890061965993,-17.053407605937252,23.668620795780882
2001-09-15,59.16039742401364,-21.183719324944718,-17.83322349573681,24.74806499496531
2001-09-16,58.42340920756026,-20.29999935277266,-17.0800989164922,26.797998879820156
2001-09-17,57.5908189688484,-19.210897852570465,-18.780888863191212,26.787074875431223
2001-09-18,56.893561961290345,-20.711033552215877,-17.59328003362937,26.07827260198849
2001-09-19,55.551019670797025,-21.30418817378564,-17.987058544120448,24.908189318675497
2001-09-20,56.364538173735,-21.552380739760103,-17.60146196791587,25.742025147144194
2001-09-21,55.86600854419719,-21.18732435291349,-18.166573056385353,23.497681236638094
2001-09-22,57.660172427945646,-19.709833716485758,-19.547929670193877,23.143449555906003
2001-09-23,58.34815895257516,-19.417101852860675,-20.983818499568983,22.98856689212776
2001-09-24,56.453039330597306,-19.117838979025777,-21.267700340969963,21.796215522551005
2001-09-25,57.230838531274046,-20.026987839602167,-21.617996052179656,20.501635824992018
2001-09-26,57.874392647206555,-19.575547522338187,-22.985339859737262,21.16438660845879
2001-09-27,59.930904932963735,-20.954280377852875,-22.59675946967087,21.858572132045758
2001-09-28,61.23237577764265,-19.704033233705946,-22.626864212238814,22.245962757612915
2001-09-29,60.37376889175748,-21.877313809657547,-22.205111204168233,20.870493644350034
2001-09-30,59.166900543327046,-22.09121020651629,-24.46150531050036,22.36522526918609
2001-10-01,59.70693233419108,-21.12058982711376,-24.356441888438198,21.986320907603318
2001-10-02,58.42980199606689,-20.789751724045836,-23.51043915508327,19.85445713652752
2001-10-03,59.960364127518474,-20.063712254256846,-24.153432170151735,17.382224324045524
2001-10-04,60.02947872856893,-21.069342874108116,-24.190028331209813,18.128431749206307
2001-10-05,57.668677862912936,-23.375660367147955,-24.09447419276538,20.015571393349433
2001-10-06,57.67409877125366,-22.412850878653458,-23.064710039334457,19.362907917177605
2001-10-07,58.88876712145861,-23.207318498965435,-23.64342913652582,21.29097824172542
2001-10-08,60.04589990655687,-23.544959663649106,-23.427496280581675,20.686487682738573
2001-10-09,59.31385551800765,-24.289209234101268,-23.53106238964347,20.209477283099513
2001-10-10,62.08114573315092,-23.82430564590595,-25.904059317554733,21.212115349661552
2001-10-11,63.57269156511946,-24.476192216456326,-26.396504178177732,21.24658469157575
2001-10-12,62.66257551146924,-24.344388255883672,-26.601323170103655,22.73692556644809
2001-10-13,63.3934455698963,-24.55941086956566,-26.178594832068452,23.370535136540216
2001-10-14,63.443771527727534,-24.7274074458656,-26.443308713244157,24.561034981494963
2001-10-15,62.90537828885328,-25.217272805471328,-25.554333096773053,25.421448437451545
2001-10-16,63.180030938033596,-25.75894544214945,-25.644707991893586,24.808526921656757
2001-10-17,62.982339996997716,-24.86498177829928,-25.86795810293777,24.409934023349187
2001-10-18,63.914245426794935,-23.163159357029972,-27.214553158537125,24.110637950404495
2001-10-19,64.5735760922421,-22.753142578896977,-28.61846912589367,24.837066106835906
2001-10-20,65.18681140726825,-23.870831106568026,-28.472745392183054,25.239453380757592
2001-10-21,64.84458120378228,-23.201727597167316,-28.412759718778815,24.8262697665708
2001-10-22,63.88508403344186,-23.868129012275443,-28.712500521836198,24.394297124327302
2001-10-23,62.6873091225472,-23.48528914447514,-26.98015250254383,23.189319112634582
2001-10-24,62.68330080477306,-22.555382663173106,-27.262781232175175,23.71993059355855
2001-10-25,62.650884099383504,-22.945625323989432,-26.442257051419997,23.838513042609595
2001-10-26,60.77767520489216,-22.599308201680444,-27.96774710329538,23.238493546059168
2001-10-27,62.44232760806969,-24.342376674408566,-30.244244915089837,22.805377252077815
2001-10-28,62.59721428754159,-24.776135089219085,-30.399615375371518,22.703499126234973
2001-10-29,62.288772918851336,-25.115033205935084,-29.78640249155437,23.603484807036427
2001-10-30,62.33438714959964,-24.90660344866559,-31.00346727128778,23.542812961423557
2001-10-31,63.40204496160435,-24.517606874719096,-29.900078370360774,22.172079223777466
2001-11-01,63.066136687906464,-23.86479534945075,-31.26170595742976,22.39598181420371
2001-11-02,63.39239304383906,-22.865465343541164,-31.06907296270734,23.370950129329383
2001-11-03,62.14072144120412,-22.301377178985756,-31.137973386586697,24.11861678775038
2001-11-04,62.96492824367919,-21.956308129291774,-31.910292476551778,23.544805748473873
2001-11-05,64.50271307286536,-22.548507182066647,-33.651709736934706,23.445752533080203
2001-11-06,64.40066298983277,-22.588404562917646,-33.04254759301077,23.170185957033212
2001-11-07,63.53775399092105,-23.252105406327562,-31.82920711816981,23.489381290353077
2001-11-08,63.51958528331385,-22.701075738204366,-34.206732777229135,20.839747006469707
2001-11-09,63.23753268959246,-24.10495715706995,-34.75458563878585,22.009090702393387
2001-11-10,62.385790991627786,-24.859254662378518,-35.5564919977545,22.504843153720945
2001-11-11,60.9225405275007,-24.135746646351485,-36.27671523678851,22.73014113976427
2001-11-12,62.502770293964,-24.97854497656191,-34.56525767419853,22.018479700973153
2001-11-13,61.8404467132649,-24.69535988576755,-34.90531122014622,19.561934791722912
2001-11-14,61.20371225998063,-26.07391611819809,-34.61533525161238,21.819053398039237
2001-11-15,59.77344413695563,-26.58519408023308,-34.51004905285077,23.00769752130602
2001-11-16,58.45634513384021,-27.115202473756735,-35.861888512588415,24.333416278042144
2001-11-17,59.06601073114548,-25.717647451053107,-36.6602183104975,25.16025848853312
2001-11-18,59.27037196792119,-24.630438113445173,-37.34264271393753,24.335003816608914
2001-11-19,59.289682033965136,-25.030999831178402,-37.910956419492756,23.16766777900953
2001-11-20,60.80199977129407,-24.00330958965276,-37.784174914392736,23.562430971454702
2001-11-21,59.65959220790038,-24.859201234377515,-37.01130765332786,24.80969566758384
2001-11-22,60.04468861145221,-23.916216203085256,-36.412694748510354,23.43452854465863
2001-11-23,58.71156040689412,-22.588989336370695,-36.91525543360233,25.512528917381932
2001-11-24,57.54654866990528,-23.36952677103075,-36.59620678041206,25.671293065623043
2001-11-25,57.262974877283696,-24.707937134368432,-36.90575729926907,27.03325259973712
2001-11-26,56.16650174235094,-24.61207502875426,-36.10963550996596,27.45711011681861
2001-11-27,56.49184032405544,-25.31549458835747,-38.95776269345815,27.04607291093947
2001-11-28,57.136612459942356,-24.92135297670017,-38.566041955780044,25.638668428105404
2001-11-29,58.617463523902856,-23.4350336403673,-37.17480115407156,26.122789999551657
2001-11-30,58.28626893183767,-21.59126830085153,-37.14191220283392,26.385228788876475
2001-12-01,57.22942608549265,-20.10767134824132,-35.51776094389056,27.24661081798451
2001-12-02,57.4726586209793,-18.845203525177524,-34.476036376049144,26.540458678591246
2001-12-03,56.45347324124985,-18.200988061483077,-34.6107362137065,25.249815876704833
2001-12-04,56.912078267032356,-17.396117851172278,-34.51223707042967,25.523926174326515
2001-12-05,57.01453897502362,-16.303805565417196,-34.37550720618576,25.945397082311874
2001-12-06,59.08005436071789,-16.99524193782639,-32.991293662685734,26.605452533223875
2001-12-07,59.26058427932865,-18.178562131224858,-31.306638839543098,28.23964823040333
2001-12-08,57.83331677121374,-17.007182482941815,-31.39230765923964,29.03056582013041
2001-12-09,59.857629725098725,-18.08503841300156,-30.286791654040485,27.877578032604312
2001-12-10,60.05590579770449,-17.48295493376984,-28.295177214845364,28.95510616752582
2001-12-11,60.2551609903101,-17.79667269835871,-29.42421450392081,29.31981364161738
2001-12-12,60.956124806631635,-18.024718805276336,-27.420431937329283,30.0500898699734
2001-12-13,62.026389106577064,-17.610549233314533,-26.685465638153126,29.59470718544476
2001-12-14,62.54443873634933,-18.67754557968771,-25.483019049092675,28.25100480341679
2001-12-15,61.71160119391824,-18.30562924607127,-25.463288312264435,28.441795126776626
2001-12-16,61.58892002416257,-18.408642913026984,-26.43064738642873,27.630889432236277
2001-12-17,61.792554134115825,-16.33359756832073,-25.546018820519244,27.646767037716298
2001-12-18,62.28521319029055,-16.75246756462884,-24.79683311824134,28.591246012585003
2001-12-19,63.74135490157444,-17.711591797417785,-25.555596610034875,28.380586336161528
2001-12-20,64.26127249730989,-17.922349730846783,-24.890651838055238,28.900613945315353
2001-12-21,64.18415557632801,-16.797025146644373,-24.490903409943446,30.20644472803037
2001-12-22,63.9583896388479,-15.830280753797124,-22.019859974469462,31.300677717600163
2001-12-23,64.5691884512107,-16.031842266524794,-23.119799437638065,31.3662338238333
2001-12-24,65.27047037677606,-15.561534738783278,-22.2534472156283,32.30928681276144
2001-12-25,65.7705262887356,-16.13447020903029,-25.342686469217018,32.65386584001935
2001-12-26,65.85372071684714,-14.125433581648949,-25.68266115575504,32.06081944496649
2001-12-27,65.94135910441805,-15.369866878364753,-25.28799309144965,32.81378485244228
2001-12-28,64.80382339383075,-14.958426637627621,-25.348752081949534,33.655355262656784
2001-12-29,64.88179664655556,-13.181934565445728,-26.20809104293605,34.30493060808261
2001-12-30,64.62138474875748,-12.991281886695365,-25.5937237534591,33.96435583172981
2001-12-31,63.42755897421162,-13.220170730495578,-24.580270503549713,34.766973427773515
2002-01-01,62.270405009339534,-13.673730924789258,-22.531211392714397,35.258242483926686
2002-01-02,61.64543111283755,-13.783012036681969,-22.866634151526476,34.45730142182606
2002-01-03,62.85063003286682,-15.683067146303513,-22.853878556963803,34.244326784091385
2002-01-04,62.97798504008899,-15.00776040648073,-22.896760628903476,34.72214158956831
2002-01-05,64.5710231629347,-15.307665434017935,-22.964690780042417,36.36615035081689
2002-01-06,63.60590615027499,-15.569211317808207,-22.85347146699026,36.37155880126219
2002-01-07,63.19685291962658,-15.083529631751519,-20.10262226171857,37.278604343518694
2002-01-08,64.25573982923548,-15.54235069073624,-21.14602597428335,37.67180550315207
2002-01-09,64.56571865133431,-13.24326151720335,-21.266756751477207,37.777086738838285
2002-01-10,64.18094561585963,-12.877795110610643,-19.89354465708103,38.12082420218672
2002-01-11,63.14805273362622,-13.096378689796751,-18.852577130627374,37.593093899144144
2002-01-12,65.24971558850307,-12.547322531765936,-19.352691467134992,38.06829156113114
2002-01-13,62.9457545740687,-11.591347610193443,-19.371917457547493,38.72267180087905
2002-01-14,64.20033917435892,-10.466012951466949,-18.98198201316358,38.973001590468996
2002-01-15,64.16945269949566,-10.392608054245407,-18.456091483521156,39.07060121454995
2002-01-16,64.77270401717998,-10.787137677234872,-18.203538374786742,39.40629509722988
2002-01-17,65.4443166870751,-9.399719490455864,-18.39970887483795,39.52109526025443
2002-01-18,67.70084143823847,-9.187810116988075,-17.92980939084905,39.632507028637825
2002-01-19,69.47447149168413,-9.162318739856838,-17.67047131106901,38.39686909658777
2002-01-20,71.21293901813671,-8.817340411997524,-17.873412320081123,39.026312652447416
2002-01-21,71.19730220300504,-9.130143606463486,-17.65905332872961,38.493902559806806
2002-01-22,70.36099281704792,-9.30418435779147,-18.636509095554956,38.32541800528537
2002-01-23,71.00102792992536,-7.503496743666212,-17.041215106571133,37.72602798049636
2002-01-24,72.53463359930537,-5.930368235167736,-16.393263956524294,36.640280829555984
2002-01-25,73.41802138555187,-5.338173835103262,-16.968536048894844,37.27360007873113
2002-01-26,72.98822417043768,-5.113493307405031,-17.029197563326182,36.471299497240146
2002-01-27,70.94787180741412,-5.041750590664121,-17.443808066657084,37.685239762949436
2002-01-28,72.17977567785115,-5.42819530131459,-19.175693832163148,36.37961393348055
2002-01-29,72.89844587731025,-5.673539187469492,-19.03123808140228,35.58397167695669
2002-01-30,71.18694004644291,-6.867330604858584,-19.94108174033245,34.241382242305164
2002-01-31,71.59374649216925,-6.878597663719729,-20.384191414753413,34.780186505760376
2002-02-01,70.27185946571745,-7.258206339692454,-20.17530161631355,34.78385100803919
2002-02-02,70.19701909269405,-5.747974912943409,-18.971247399186733,34.71375255813815
2002-02-03,70.99717725798195,-5.989507767330877,-18.841621145675205,35.02253825765473
2002-02-04,70.75927313068252,-5.100491554675692,-18.024080164779093,35.83615490271555
2002-02-05,69.94279675056927,-4.591505988376577,-18.28342744931692,35.42318478589609
2002-02-06,69.22099805425248,-3.0788949231550156,-18.614269124584755,35.945616260138166
2002-02-07,68.45275796027371,-5.191772867622254,-19.48615059382772,36.2634033755426
2002-02-08,66.76802108759517,-4.023993508459825,-21.310544974558624,34.591153194848005
2002-02-09,64.16777632464698,-4.330313321320401,-20.83188492003681,34.76768390975345
2002-02-10,66.04471388966975,-4.170514036840572,-21.619240159762025,35.157479389356915
2002-02-11,66.7322405304171,-3.9473639885460536,-22.732542767725185,35.07012999389404
2002-02-12,66.47138177254676,-3.0236244831461123,-22.51125863520076,34.632421537709405
2002-02-13,66.67528406418913,-2.396202919629734,-23.426469207265985,34.63040903324707
2002-02-14,67.23665364844813,-2.8925887800707275,-24.471447718644495,33.14406609317401
2002-02-15,67.86830577153707,-3.2709602482711873,-25.58413858325333,33.23547751955378
2002-02-16,69.01392130349595,-3.3980923649456853,-26.495346288700997,32.083625726337424
2002-02-17,69.66029292707557,-3.1187167479453692,-26.089592869748582,32.40145905364693
2002-02-18,71.38398766146427,-2.260407916676526,-27.05213876718193,33.65326952447812
2002-02-19,71.19382287875499,-2.2627924525887844,-25.858900594114207,33.00848784441329
2002-02-20,70.6253106673478,-1.7752363594069276,-25.34846412842897,33.22217680081632
2002-02-21,70.02700611077003,-1.7037628891699514,-26.179952839399945,33.315902582183995
2002-02-22,69.31941769950792,-2.481775008132235,-27.095922390689218,35.352875074048036
2002-02-23,70.71070239088935,-2.68556940004538,-26.24584517708244,37.05801995409657
2002-02-24,70.7523188568864,-1.3854550985589689,-27.873732989738386,37.785539209997346
2002-02-25,69.81049691234387,-1.9998263636329634,-27.829376436666017,37.78966655596898
2002-02-26,70.43353874971612,-1.9853341805823195,-28.79602966252952,38.08147590480613
2002-02-27,70.40600825410921,-2.270764980895164,-30.613556241316967,37.75783440695259
2002-02-28,72.219079845433,-3.311694490540182,-30.84566648295394,36.092813265842594
2002-03-01,73.07200318174469,-1.8830227946582474,-30.962024070846432,37.206662163701566
2002-03-02,74.40127971005873,-1.7681048244334032,-30.80237560089804,37.46959794244382
2002-03-03,75.38402350489166,-1.8318559888408346,-31.336162884105576,34.369072506086894
2002-03-04,74.34669692756786,-0.5156688670802949,-30.513116550478742,34.70061010794734
2002-03-05,75.63043764795177,-0.42644837313872236,-30.65498803945705,33.40725292959397
2002-03-06,74.51785087543367,-1.5588461587924174,-30.171639156019193,33.1614720228674
2002-03-07,74.90792436896862,-0.590560691101022,-29.980556539661134,34.271842082174985
2002-03-08,76.05735710163647,-1.5892070167716095,-28.464447809594873,32.613447001138645
2002-03-09,77.28675457183934,-2.2305297117016627,-28.340794643671305,32.71513366992636
2002-03-10,79.68183700360017,-0.6675290576158386,-28.54404287811528,31.121317827336224
2002-03-11,79.71465759514555,-0.6172830294377377,-28.08911636889483,29.931708343770037
2002-03-12,78.19499826133416,-1.4925623501683123,-26.601131059228166,29.979768723312066
2002-03-13,79.26594066015241,-1.3550771242657642,-25.814744948316246,30.331734575665088
2002-03-14,79.36160317311833,-1.301892203057465,-26.861424558152187,30.4433061700307
2002-03-15,79.27677766033555,-1.148686347525632,-27.034629656899913,30.616977659775838
2002-03-16,79.73520249022688,-2.8470515661290516,-27.645508072133133,30.47048198031728
2002-03-17,79.39794838711398,-3.304597646392315,-27.169698206820577,30.63127278452496
2002-03-18,79.73236066382985,-2.319621270584257,-26.104315697420112,31.547667332708258
2002-03-19,80.74493284413604,-3.911986569383356,-27.05769593549539,30.350314516929913
2002-03-20,81.51069792602253,-4.35730233670064,-26.580699255075288,30.94481091341968
2002-03-21,80.94611840534613,-5.081758408337525,-25.191920306989545,31.44114905443536
2002-03-22,80.8907942795083,-4.532265037535333,-24.84812599100625,32.53517610865949
2002-03-23,80.88117890879101,-2.7630507081814377,-23.860181688021864,34.13210688835849
2002-03-24,82.13545818111388,-0.44428500938912174,-23.09694426638071,34.18302287481832
2002-03-25,83.37943270716902,0.020021635617312683,-24.486922050557727,33.35591141031816
2002-03-26,81.57806673369889,1.2752348335799883,-23.115371760221624,31.777036792113737
2002-03-27,82.23191571687147,1.6882710726861794,-22.232725515060494,31.821909887069896
2002-03-28,82.72699102999027,3.864444108241371,-22.446246086920993,30.788488516356935
2002-03-29,81.84279796640025,4.492347732238735,-20.109668935906047,31.49500944511875
2002-03-30,81.82467309265392,3.470246128275507,-20.020089761370365,30.356187258480908
2002-03-31,81.47173979906047,1.9954019292687546,-20.91065080750232,28.413502622798376
2002-04-01,81.6011042020139,1.2962236796938946,-20.724103259191,29.111514751091462
2002-04-02,80.97822125213955,1.0295172397526864,-18.528613814634074,29.221646181502603
2002-04-03,82.06501394925958,1.2153240726852677,-20.343953348203968,29.671428528013493
2002-04-04,81.64856694946408,2.012813465824576,-20.310090604729936,29.651418092721396
2002-04-05,80.17405589776541,1.2314972799802557,-21.213022451957354,29.425149654868804
2002-04-06,79.62001091984042,0.45938004519756115,-22.159718408995722,29.109375484753205
2002-04-07,79.9670455164879,1.7507275156250004,-20.66428776556319,29.404824479411833
2002-04-08,80.04786548250267,1.626265079878507,-19.37816967084093,28.080606523626116
2002-04-09,79.26186097986272,1.5304723151069493,-20.047615951676562,27.64738324359039
2002-04-10,79.85018706629505,2.807831772400953,-21.674951247931716,28.186595894373493
2002-04-11,78.98777383228541,3.2168953090176577,-22.57024180024986,26.492486936004042
2002-04-12,80.11054444913155,3.1928738071186635,-23.183417643940743,26.855744575736377
2002-04-13,79.01382639258985,3.124326647626242,-24.731284049302328,26.167230358329803
2002-04-14,80.06081079128595,3.4896432701217615,-24.832958594443678,25.823601085625096
2002-04-15,78.85706358603375,5.538319188197708,-23.822951558667352,27.79276691489849
2002-04-16,79.10360485411509,4.009582605320179,-24.628653534370347,28.169238980020484
2002-04-17,79.30117432105071,4.699736182217871,-24.28096458067005,30.656271842508076
2002-04-18,79.80755057257338,3.191920801329079,-24.025090801043206,31.38076561896898
2002-04-19,80.54784775138907,2.9478793740752716,-22.90863464558479,33.13333455360693
2002-04-20,80.95870111411513,3.018423135286958,-21.3680645954261,33.66562262404235
2002-04-21,80.70270174833925,4.537049226878451,-21.762232028684632,33.93411649604691
2002-04-22,81.06937402047997,2.8538057483952928,-22.58425543217358,34.67711226962884
2002-04-23,79.59214619935494,3.3705767280958843,-22.427056889593565,33.640712813658105
2002-04-24,78.76483796069735,4.47391753816794,-20.646344300872823,31.08629165725361
2002-04-25,76.90085009005783,3.535014885419451,-20.073032210305715,31.082556955989673
2002-04-26,76.78420650039043,4.009922850480867,-19.473946253648332,30.930336535170323
2002-04-27,79.01667484699131,3.8897426310572523,-21.76973104986751,32.428618955750274
2002-04-28,78.2660764098685,5.292836741733675,-22.03361318422484,33.26826660462921
2002-04-29,78.42078555214806,6.607584456390655,-22.207426431251903,33.68844352597147
2002-04-30,78.2699059355893,7.245667549865182,-21.867121459889944,33.027708411938995
2002-05-01,77.34649529607668,7.853506456796756,-21.099493031647476,33.49999141377691
2002-05-02,76.73615937408968,7.572565711335688,-19.71634288255103,33.42926041287545
2002-05-03,76.67538983672087,7.3253604116672,-20.34311220379132,33.57804961416356
2002-05-04,78.54000386679338,7.364318187106138,-21.24988506424482,33.03360514572034
2002-05-05,78.74708827031108,9.15510743649372,-20.880299202189352,31.535194751317817
2002-05-06,79.99849050684395,8.35915683945802,-20.259061086690686,30.39036373483565
2002-05-07,79.33940420644636,7.420090005164344,-20.656931922578995,30.39165994645626
2002-05-08,78.92211953793385,7.970751541951279,-20.06682464477079,30.833608014461447
2002-05-09,78.6944564417522,7.492213273868741,-19.87240368431223,30.01227486942293
2002-05-10,78.63856463773178,5.466211068878107,-19.995881605016237,30.590808354442373
2002-05-11,79.26343121652555,6.151809747345467,-21.551859961698327,30.752505321910167
2002-05-12,80.45512643728478,6.453561584903293,-22.253832698432515,31.087937638783423
2002-05-13,81.51798772675735,7.253895873498453,-23.810056772145536,30.230102811922634
2002-05-14,80.2553914403419,7.598759806012425,-24.77781573018243,30.814340439216068
2002-05-15,81.90545794751472,7.531854647982985,-25.30480100612495,31.746316947184127
2002-05-16,82.41764867193528,7.022794679819198,-26.569362714259785,32.773171664039076
2002-05-17,82.21497254265843,7.437469481680939,-25.00255734296631,32.80067366550394
2002-05-18,83.30218051836248,6.730011783665845,-25.737786443422543,32.809347049087954
2002-05-19,84.38995465639124,7.714205372601629,-27.304619355140584,31.552022049429794
2002-05-20,83.91338719874156,8.268165095578683,-27.449951400393438,30.722529856500397
2002-05-21,84.09709610674297,6.382861513156099,-28.67294962748703,31.622939340719103
2002-05-22,83.02830450421588,6.2206840686070395,-28.109619493140787,33.83760824911116
2002-05-23,83.3359360210691,6.160591849932781,-29.176431688581175,32.733175360893185
2002-05-24,82.97031137361397,7.015666673690504,-28.302367364939556,33.36159486127338
2002-05-25,83.0791380100756,8.54388010213924,-26.27885346372361,34.70645707572377
2002-05-26,83.55080373750323,9.892626484718894,-26.08195676888126,34.07304463153807
2002-05-27,84.5274637227621,7.977918685475789,-25.43438912441888,34.71757263899512
2002-05-28,84.66848786712482,8.175215456377726,-26.16771847954986,35.27785999817971
2002-05-29,83.38629416883607,8.46891196733067,-24.789236625038306,36.648252212760646
2002-05-30,83.49799441485133,6.9602253303761765,-23.42774443745691,35.900419709278495
2002-05-31,83.3729225602253,7.146202552455439,-23.51744957712195,35.66068496984165
2002-06-01,82.00437147630122,7.415781944063218,-24.806761701332686,35.55594161188934
2002-06-02,82.696417957426,8.240637170302415,-23.41279766800372,35.36841038396829
2002-06-03,82.34840256658164,8.935042951829685,-23.648168502362097,34.51279946924474
2002-06-04,82.80649612633677,11.236307817185313,-23.911579268306284,32.72713320142037
2002-06-05,83.9212544824623,9.504308000201922,-23.912011177176442,34.746889965347954
2002-06-06,83.77538421805987,7.996552349780231,-24.313614549585704,33.346208767568434
2002-06-07,84.54472511290497,6.713637439893872,-26.281080518110695,33.218526440947784
2002-06-08,84.71415748997396,5.662658826238238,-25.725611818938628,33.43505205399064
2002-06-09,83.76954824049407,6.070271522782692,-27.7726777799753,35.29886379688764
2002-06-10,84.1422166255163,5.033616871954406,-28.99042706890358,35.01129420699097
2002-06-11,84.80864479588604,4.978143540055302,-30.31314573414758,35.34570710048918
2002-06-12,82.4332569443349,4.099331622669276,-30.119942892644843,34.61186891881551
2002-06-13,81.32190688229393,3.6154746409192127,-29.614427977734202,37.39415016517306
2002-06-14,81.75328970001112,3.1360620369132692,-30.226657299485364,37.870352399629
2002-06-15,82.12881162169333,4.389581453932744,-30.85200246866981,39.80187059871109
2002-06-16,83.13524203097253,3.3362606547605624,-30.839532915192056,38.91570728540773
2002-06-17,83.04878618794905,6.911563735506537,-31.971335050415693,39.1933351176624
2002-06-18,82.8237227208493,7.579006303987599,-32.605750917738064,40.33668173991325
2002-06-19,83.57419631660379,7.023216135348891,-33.05336140446407,39.62363748191618
2002-06-20,83.41662512432238,6.776137785874525,-32.28736085158963,39.79091260799805
2002-06-21,86.84367531700886,7.329376402254228,-32.619015488340025,38.83029089152917
2002-06-22,87.61314550863564,8.164697834251164,-34.75606647351537,38.64767390492856
2002-06-23,88.48632900090948,8.244724362460397,-35.24369838748365,38.392172504506966
2002-06-24,88.90156243549869,6.934589378139195,-35.42781256995057,37.39316766708923
2002-06-25,88.04756286329506,6.735366275666863,-36.5291944326778,37.0384839786587
2002-06-26,87.12447131948348,7.440916962997708,-35.770707303156925,38.20088942748007
2002-06-27,86.73273433251258,8.111074164257511,-36.01435598379661,38.2904448393101
2002-06-28,86.03657240596353,9.443026921105593,-36.60561944923381,38.02716277374966
2002-06-29,84.66975504183108,9.766794012538243,-36.31828589783526,37.61332332264086
2002-06-30,85.35160926404384,11.391970937395895,-36.498825880508576,37.2451665094715
2002-07-01,85.56361316123973,11.688978487229724,-37.509038695431705,37.380194813645986
2002-07-02,84.05362799556534,12.68896731985996,-37.79066832742738,37.63676774141895
2002-07-03,84.67186026237924,10.118130663323383,-39.53234064138341,38.333594683920936
2002-07-04,85.98225597665986,9.930355180681035,-38.67632840283756,40.84723402497299
2002-07-05,85.65276622475383,11.201252712839374,-39.231013610722684,41.80194876136571
2002-07-06,84.9982552548046,10.958365783122275,-38.189782063459155,41.149962557838315
2002-07-07,85.22258814083155,11.286054886602669,-39.28474093530842,41.282889993398484
2002-07-08,85.3777937589408,10.806566546054453,-38.6406889827727,41.1653893429076
2002-07-09,84.40655740203673,9.348657302019001,-39.22326808264086,40.93191150620071
2002-07-10,84.97236947266114,9.877428792842277,-40.33829896307245,41.08531541373484
2002-07-11,85.344957346829,10.8520282937758,-40.11247167112212,40.90424255970811
2002-07-12,84.94776781912711,11.09998873156559,-40.977834426719866,39.47099899543032
2002-07-13,85.74216343320512,11.558735761805972,-39.770510123962495,39.87041907387419
2002-07-14,85.81920473243271,11.157318769580431,-40.43252952456083,40.12940501706898
2002-07-15,86.7814834155234,12.590166845484504,-40.58135807595321,38.49014681413981
2002-07-16,86.50150633460993,11.942745781777916,-40.74560133452349,38.29620245266536
2002-07-17,87.97979886071884,12.75738232854768,-41.732481512254665,36.29986027106317
2002-07-18,88.14354534836862,12.915237440427003,-40.81772690670498,36.479946503309506
2002-07-19,87.34867244298498,12.58185094625774,-41.82038545532231,35.3434990879503
2002-07-20,88.60624115539609,13.797498385875281,-42.553991065055044,36.265079364965196
2002-07-21,89.98272193117968,13.340336695287158,-41.92858254408381,36.12639602278569
2002-07-22,89.94453444405156,11.209671229201641,-41.660071802201934,36.85594236032114
2002-07-23,91.55741541666004,9.870729283498108,-42.918810921349575,36.051991383779246
2002-07-24,92.92992720410021,10.088256849008143,-45.44601624982223,35.78646851160586
2002-07-25,92.87566496631204,9.511292419751175,-45.296538481652284,36.36106711086498
2002-07-26,93.69113026965962,8.595636879349701,-43.63708392661006,37.154924804619625
2002-07-27,94.23813669805257,8.931179388298883,-44.44950839054013,37.21291175432576
2002-07-28,93.2819621406292,9.645096850211557,-45.95634952273682,36.976826670911514
2002-07-29,94.16878971445338,9.769482871524051,-46.86686800023928,38.96429351099507
2002-07-30,94.7786271146677,10.237958212002656,-46.311123455217825,39.31488297328355
2002-07-31,93.2382835088227,11.09771549860848,-44.74835203338995,40.287362796221565
2002-08-01,93.46010887002456,11.420021397634978,-43.097535505158035,39.02151556008005
2002-08-02,95.0444613390461,11.700402691834322,-44.03712088967473,40.05867120031848
2002-08-03,95.23854063341595,11.300595587688603,-42.37401483696477,41.181326537477176
2002-08-04,95.3386215649942,12.591201904125787,-43.94975030354324,41.868932697046596
2002-08-05,96.65858800181583,11.860420143509018,-43.64134839746516,44.06173592475165
2002-08-06,98.40318129399374,11.600678183995731,-41.53000592447822,44.327078355789304
2002-08-07,98.77227113025425,11.235424157429863,-40.51978396739736,44.91420385844103
2002-08-08,99.6804886068199,11.788745302062457,-40.478700309282594,45.35918836871953
2002-08-09,100.19323208606218,11.77264986011796,-40.11446441607085,45.921815562555956
2002-08-10,101.68195073353837,10.425038839679871,-39.528343134340744,44.141911223578155
2002-08-11,101.95789843198813,10.429846569051058,-40.94055669718492,43.721671576436854
2002-08-12,103.80409420533107,9.996889413681096,-41.37008644470795,42.7718182084652
2002-08-13,102.65626161884774,8.024875771500302,-40.46306009128417,41.72345762032111
2002-08-14,101.021436956894,8.214322457231278,-40.04054372815036,41.658296007392366
2002-08-15,100.27498190463551,8.733532713011126,-39.55244292749771,41.73610888124133
2002-08-16,101.09680465999654,7.46875317665787,-38.744867443558675,40.99634458864013
2002-08-17,99.936088043055,10.309582388174864,-39.71461365204915,41.01346933585453
2002-08-18,101.53342585043929,11.349309840129562,-38.389532818059706,39.68578606090924
2002-08-19,102.26061609839411,11.250597771323815,-40.60390380413183,39.28179370773178
2002-08-20,104.4534950346856,12.238499149270282,-39.23699397675993,39.347280120056936
2002-08-21,103.60531699243596,12.982552704698948,-40.371851182643915,39.049925307722596
2002-08-22,103.16483808263551,10.318563375192037,-41.58208102555075,38.38036435662363
2002-08-23,101.93532240154148,11.276118953961777,-42.74234921427161,39.434548337984424
2002-08-24,101.84230293855822,10.671524213124888,-40.46549857268916,38.68939688726834
2002-08-25,101.75653603613597,10.560685332005205,-40.47302453946802,38.50463498926456
2002-08-26,100.36953375366697,11.156283465977687,-39.6466651606964,36.65476653791996
2002-08-27,101.00272594375228,10.353919021250983,-37.56534681414884,37.20856809505937
2002-08-28,100.3271376832104,9.722588283728927,-38.45697174989122,36.172129239154366
2002-08-29,101.69516710091403,8.867394273661018,-37.438839656758006,36.27437188377216
2002-08-30,100.47255669688374,9.020085913769977,-39.00153093934524,37.14302302679667
2002-08-31,99.46292662411923,8.550718603307578,-39.22136531908405,38.1964321949769
2002-09-01,98.66199086645236,9.932220412492805,-38.122470611511964,37.49899790580548
2002-09-02,97.67738733448704,8.917500458169876,-39.45039384291865,38.008622454594565
2002-09-03,97.93882655762005,9.754089089126374,-39.67078118565975,38.93675037074083
2002-09-04,97.18499793059138,9.186754956330525,-39.51622558980535,41.9486927099172
2002-09-05,97.22498785368681,8.800685508925948,-39.86380548072527,41.781881247932525
2002-09-06,97.36762929852264,7.102769092183382,-40.238203430486706,42.01929531248998
2002-09-07,96.8212335078236,4.759107642042802,-40.929306289388066,41.8115197467017
2002-09-08,97.53278428033909,3.790045811229761,-41.06404038957988,42.292591131485445
2002-09-09,97.0908807145916,4.108048481466134,-41.55952247023585,42.73053798691252
2002-09-10,98.13370479299009,4.85325557200952,-42.1079229715058,42.37459086618337
2002-09-11,100.03542731891444,4.90639443105857,-42.25810843798832,42.582930504888175
2002-09-12,100.90874021966604,6.241750775018559,-42.74337149916634,44.688360851396205
2002-09-13,101.69866178683253,5.189814970813768,-43.534285712485314,45.216998988602455
2002-09-14,100.84155680232242,6.663686145503153,-42.04074736090337,44.56805336305201
2002-09-15,100.89169202460434,6.836135975911072,-41.30935271318563,43.185694181328344
2002-09-16,99.66017973993269,5.929475658957063,-41.058225473579554,42.48635862645214
2002-09-17,100.2141825102007,4.109023230067497,-39.897735381969554,41.29266624641183
2002-09-18,101.28216937974709,2.8936905806768953,-40.749006014581965,41.77691830533087
2002-09-19,101.88995632925885,2.868747304985661,-41.07561755276299,41.73004968399542
2002-09-20,101.53498642672075,2.5803695522323737,-40.21441209974895,40.70399815318044
2002-09-21,100.39018005783439,1.8105557243417167,-39.683205077307484,38.79072656407918
2002-09-22,100.72317951998,4.717869976097175,-39.72313482343454,38.694204894799654
2002-09-23,100.22764628993566,4.682231185684419,-40.55228395629641,37.94228765982165
2002-09-24,101.02955754869967,4.476962064400823,-39.20205131011143,38.26882256402411
2002-09-25,99.31079985309226,6.277781712628757,-39.389844472259,38.745720138084764
2002-09-26,100.23744021321477,7.018434358836807,-40.30794247960252,37.8455336570839
